transaction_id,actual,predicted
T3258,Rent,Unknown
T2256,Food,Unknown
T3474,Food,Unknown
T13824,Travel,Education
T12218,Food,Unknown
T10712,Food,Food
T1695,Food,Unknown
T5950,Other,Food
T1409,Travel,Food
T7009,Travel,Unknown
T5248,Bonus,Entertainment
T6552,Utilities,Unknown
T4011,Education,Food
T5654,Education,Travel
T13206,Food,Unknown
T13710,Health,Travel
T2234,Food,Food
T9446,Utilities,Unknown
T2597,Food,Health
T12623,Travel,Unknown
T9876,Education,Unknown
T10344,Salary,Utilities
T10756,Education,Unknown
T4430,Rent,Food
T2927,Savings,Unknown
T11855,Education,Unknown
T0028,Food,Unknown
T11549,Rent,Unknown
T9476,Rent,Unknown
T13904,Food,Unknown
T3253,Entertainment,Food
T9254,Salary,Utilities
T0700,Entertainment,Unknown
T2328,Other,Food
T7189,Education,Unknown
T8397,Food,Health
T7773,Investment,Food
T11548,Entertainment,Unknown
T13831,Savings,Unknown
T12094,Food,Unknown
T12591,Rent,Unknown
T5669,Bonus,Unknown
T11824,Investment,Unknown
T13466,Travel,Unknown
T1959,Health,Unknown
T10264,Rent,Unknown
T8254,Rent,Unknown
T8948,Travel,Unknown
T7779,Entertainment,Unknown
T2669,Food,Unknown
T4656,Utilities,Food
T9701,Utilities,Unknown
T12645,Freelance,Unknown
T12916,Education,Unknown
T8494,Food,Travel
T8437,Education,Unknown
T12486,Travel,Food
T8211,Other,Unknown
T5938,Entertainment,Unknown
T8268,Entertainment,Unknown
T3508,Entertainment,Unknown
T0782,Investment,Utilities
T4915,Freelance,Unknown
T10660,Health,Utilities
T13404,Travel,Unknown
T12317,Travel,Unknown
T5285,Entertainment,Unknown
T3980,Travel,Unknown
T11612,Utilities,Entertainment
T12589,Rent,Travel
T4400,Rent,Unknown
T4813,Food,Unknown
T13471,Entertainment,Education
T9958,Education,Unknown
T9572,Rent,Unknown
T8741,Travel,Unknown
T11703,Salary,Unknown
T8578,Travel,Unknown
T9721,Food,Utilities
T9558,Freelance,Food
T13009,Rent,Unknown
T2056,Education,Entertainment
T0884,Travel,Unknown
T13224,Entertainment,Food
T6198,Food,Unknown
T0174,Food,Unknown
T0962,Travel,Unknown
T4927,Savings,Unknown
T10230,Rent,Food
T12342,Utilities,Unknown
T7713,Utilities,Unknown
T2748,Freelance,Unknown
T11429,Rent,Unknown
T0732,Rent,Utilities
T3600,Food,Unknown
T6534,Utilities,Food
T13740,Utilities,Unknown
T0355,Rent,Unknown
T12852,Other,Entertainment
T4797,Travel,Unknown
T7509,Other,Unknown
T8459,Utilities,Unknown
T4007,Savings,Unknown
T10244,Utilities,Unknown
T13417,Freelance,Unknown
T0858,Food,Utilities
T0059,Travel,Unknown
T6368,Education,Unknown
T8663,Health,Unknown
T8299,Utilities,Unknown
T5470,Entertainment,Unknown
T5837,Travel,Unknown
T10429,Utilities,Unknown
T13963,Food,Unknown
T10588,Utilities,Unknown
T9941,Food,Unknown
T8273,Travel,Unknown
T10084,Bonus,Unknown
T13586,Investment,Unknown
T4435,Food,Travel
T2162,Utilities,Unknown
T11994,Utilities,Unknown
T0427,Education,Food
T4767,Food,Unknown
T12753,Food,Health
T5276,Food,Utilities
T11935,Food,Unknown
T9570,Education,Health
T7209,Investment,Food
T8754,Food,Unknown
T2452,Travel,Utilities
T2067,Freelance,Unknown
T0166,Freelance,Unknown
T6532,Food,Food
T4134,Utilities,Unknown
T6268,Rent,Unknown
T6675,Utilities,Utilities
T8352,Food,Unknown
T12616,Food,Unknown
T0626,Education,Food
T7678,Entertainment,Unknown
T10482,Rent,Unknown
T0583,Health,Unknown
T7986,Bonus,Unknown
T7353,Entertainment,Unknown
T4027,Food,Unknown
T1388,Education,Unknown
T3887,Travel,Unknown
T9055,Travel,Entertainment
T3871,Travel,Unknown
T10235,Savings,Travel
T12996,Rent,Unknown
T6215,Savings,Utilities
T1930,Education,Unknown
T13856,Other,Unknown
T5227,Food,Unknown
T1223,Food,Unknown
T5533,Travel,Utilities
T10743,Health,Unknown
T4084,Bonus,Utilities
T9400,Utilities,Unknown
T4228,Salary,Unknown
T13825,Food,Unknown
T11681,Education,Unknown
T3366,Rent,Unknown
T0307,Travel,Unknown
T12783,Travel,Unknown
T11908,Education,Food
T4854,Travel,Food
T8138,Food,Unknown
T1234,Other,Travel
T9516,Rent,Unknown
T12480,Rent,Unknown
T2872,Utilities,Utilities
T3995,Food,Unknown
T12230,Other,Unknown
T9496,Food,Unknown
T3324,Travel,Unknown
T4647,Entertainment,Unknown
T10483,Travel,Unknown
T13465,Food,Unknown
T3094,Other,Unknown
T7088,Food,Unknown
T11180,Travel,Unknown
T0323,Travel,Unknown
T4236,Savings,Unknown
T4378,Utilities,Utilities
T11595,Education,Health
T11784,Food,Food
T4018,Salary,Unknown
T5103,Food,Unknown
T6392,Utilities,Unknown
T4332,Food,Unknown
T7322,Entertainment,Unknown
T9042,Rent,Unknown
T3375,Utilities,Unknown
T5375,Rent,Unknown
T0352,Travel,Utilities
T3798,Food,Unknown
T2881,Travel,Unknown
T6709,Rent,Unknown
T9789,Food,Unknown
T11174,Utilities,Unknown
T6662,Travel,Unknown
T13776,Bonus,Unknown
T1807,Utilities,Unknown
T6974,Food,Unknown
T8972,Freelance,Unknown
T6214,Food,Unknown
T9779,Rent,Unknown
T8168,Education,Unknown
T13304,Food,Unknown
T5275,Food,Food
T10708,Bonus,Unknown
T4966,Food,Unknown
T2407,Utilities,Unknown
T4515,Utilities,Unknown
T8572,Utilities,Food
T1396,Education,Unknown
T4222,Travel,Unknown
T3145,Entertainment,Unknown
T8195,Food,Entertainment
T5329,Food,Unknown
T13933,Entertainment,Education
T8247,Travel,Unknown
T8801,Bonus,Entertainment
T2765,Rent,Unknown
T8230,Travel,Unknown
T13622,Education,Unknown
T2087,Health,Travel
T8558,Education,Unknown
T10292,Investment,Unknown
T6009,Rent,Entertainment
T5855,Food,Unknown
T3878,Other,Unknown
T10051,Travel,Unknown
T2513,Utilities,Unknown
T0721,Rent,Unknown
T11415,Health,Unknown
T7977,Travel,Unknown
T0416,Entertainment,Unknown
T0481,Utilities,Travel
T9488,Utilities,Entertainment
T3706,Education,Unknown
T0307,Travel,Unknown
T0835,Health,Unknown
T11370,Travel,Unknown
T13815,Rent,Unknown
T2045,Rent,Unknown
T8523,Travel,Unknown
T0348,Food,Unknown
T7327,Travel,Unknown
T13747,Other,Unknown
T0675,Food,Food
T6142,Utilities,Unknown
T3775,Entertainment,Unknown
T3420,Rent,Utilities
T3116,Freelance,Unknown
T1107,Salary,Unknown
T11008,Travel,Food
T2482,Food,Unknown
T3704,Health,Food
T6247,Education,Unknown
T2552,Other,Unknown
T1197,Food,Food
T13733,Travel,Unknown
T12351,Utilities,Unknown
T9878,Investment,Entertainment
T7724,Investment,Unknown
T1092,Food,Unknown
T5071,Investment,Unknown
T2790,Entertainment,Unknown
T8551,Utilities,Unknown
T13941,Food,Unknown
T0364,Health,Food
T6782,Entertainment,Unknown
T0879,Rent,Food
T3533,Rent,Unknown
T7552,Education,Unknown
T1849,Other,Unknown
T12099,Bonus,Unknown
T3750,Rent,Unknown
T6903,Bonus,Unknown
T0601,Rent,Unknown
T8693,Entertainment,Unknown
T5342,Food,Unknown
T8954,Food,Unknown
T9133,Utilities,Unknown
T1263,Travel,Unknown
T1466,Travel,Utilities
T3709,Travel,Health
T7946,Freelance,Unknown
T1746,Rent,Unknown
T0743,Rent,Unknown
T6680,Food,Unknown
T12612,Rent,Unknown
T5200,Freelance,Unknown
T4751,Other,Unknown
T2500,Salary,Utilities
T1991,Entertainment,Food
T7477,Salary,Unknown
T1890,Rent,Unknown
T6621,Entertainment,Unknown
T11431,Other,Travel
T8552,Food,Unknown
T5211,Education,Utilities
T13797,Freelance,Unknown
T13020,Food,Health
T3681,Other,Unknown
T2917,Food,Utilities
T11208,Travel,Unknown
T1792,Food,Unknown
T1961,Other,Unknown
T12910,Health,Unknown
T3305,Travel,Food
T12803,Food,Unknown
T7572,Travel,Unknown
T7566,Food,Entertainment
T13104,Health,Health
T2318,Rent,Unknown
T10195,Entertainment,Unknown
T1256,Travel,Food
T13526,Food,Unknown
T5800,Travel,Unknown
T12229,Food,Unknown
T0154,Rent,Unknown
T7634,Utilities,Unknown
T0598,Travel,Education
T2657,Rent,Unknown
T4577,Entertainment,Unknown
T4825,Food,Unknown
T12775,Food,Food
T4867,Rent,Unknown
T13076,Travel,Food
T5468,Other,Unknown
T1704,Bonus,Unknown
T7639,Food,Unknown
T3133,Rent,Unknown
T4262,Food,Unknown
T13968,Freelance,Unknown
T11849,Investment,Health
T9468,Investment,Unknown
T7897,Investment,Unknown
T3021,Entertainment,Unknown
T1874,Entertainment,Unknown
T8414,Freelance,Unknown
T11227,Health,Unknown
T3741,Education,Unknown
T13347,Investment,Unknown
T4698,Rent,Health
T11138,Education,Unknown
T7097,Utilities,Unknown
T0863,Education,Unknown
T0271,Food,Health
T5096,Utilities,Unknown
T2851,Rent,Unknown
T2596,Education,Utilities
T6633,Other,Unknown
T8266,Food,Entertainment
T4304,Salary,Unknown
T10533,Other,Unknown
T2331,Food,Unknown
T5687,Travel,Unknown
T1229,Rent,Food
T3221,Entertainment,Unknown
T6060,Food,Utilities
T8102,Entertainment,Unknown
T8067,Rent,Unknown
T1451,Other,Unknown
T10759,Health,Unknown
T9313,Food,Unknown
T9944,Food,Unknown
T4227,Food,Unknown
T2839,Travel,Unknown
T12405,Education,Unknown
T12368,Travel,Unknown
T10343,Bonus,Unknown
T7454,Rent,Entertainment
T4882,Travel,Food
T8879,Rent,Unknown
T5460,Health,Unknown
T1425,Freelance,Utilities
T9929,Utilities,Unknown
T10766,Rent,Unknown
T2417,Rent,Unknown
T10933,Health,Unknown
T8928,Education,Unknown
T9188,Travel,Entertainment
T11244,Entertainment,Unknown
T7799,Food,Unknown
T1624,Travel,Unknown
T1957,Education,Travel
T0935,Rent,Utilities
T6479,Investment,Unknown
T3607,Rent,Education
T12590,Entertainment,Unknown
T6933,Education,Unknown
T5472,Rent,Unknown
T10500,Education,Unknown
T5031,Food,Unknown
T8378,Food,Unknown
T4566,Rent,Education
T6207,Travel,Unknown
T7846,Food,Utilities
T4531,Utilities,Unknown
T2548,Investment,Unknown
T6081,Bonus,Utilities
T6509,Travel,Unknown
T9927,Utilities,Utilities
T8479,Rent,Food
T9438,Food,Unknown
T10957,Travel,Health
T4965,Utilities,Food
T4104,Freelance,Unknown
T3059,Salary,Unknown
T8471,Food,Unknown
T10123,Bonus,Unknown
T12048,Rent,Unknown
T0724,Rent,Unknown
T0655,Health,Unknown
T0169,Utilities,Utilities
T1949,Travel,Education
T12393,Travel,Food
T5440,Rent,Entertainment
T8775,Food,Unknown
T12900,Food,Unknown
T13450,Health,Entertainment
T6879,Food,Unknown
T1484,Food,Unknown
T8260,Utilities,Unknown
T6249,Rent,Unknown
T10782,Entertainment,Unknown
T6342,Rent,Food
T9202,Travel,Unknown
T4526,Investment,Entertainment
T12505,Utilities,Food
T3416,Food,Unknown
T11035,Other,Food
T9075,Rent,Travel
T1242,Travel,Food
T10213,Entertainment,Unknown
T1766,Food,Food
T1292,Food,Utilities
T12915,Entertainment,Unknown
T4468,Food,Unknown
T10017,Entertainment,Travel
T4652,Salary,Unknown
T13546,Rent,Unknown
T10367,Bonus,Unknown
T10665,Utilities,Unknown
T7839,Freelance,Health
T3230,Rent,Entertainment
T11938,Food,Unknown
T2063,Travel,Unknown
T6171,Food,Travel
T4810,Savings,Unknown
T2999,Food,Unknown
T7595,Food,Unknown
T6781,Food,Unknown
T7594,Savings,Unknown
T13242,Education,Unknown
T4158,Investment,Unknown
T8205,Travel,Unknown
T2914,Entertainment,Unknown
T3847,Utilities,Unknown
T1912,Food,Unknown
T1924,Utilities,Utilities
T11607,Food,Unknown
T7359,Health,Unknown
T6121,Rent,Unknown
T1427,Salary,Unknown
T7804,Investment,Utilities
T7068,Entertainment,Unknown
T0191,Entertainment,Travel
T3212,Entertainment,Unknown
T10632,Food,Unknown
T7630,Rent,Unknown
T4496,Other,Education
T13039,Food,Unknown
T3620,Rent,Utilities
T5971,Rent,Unknown
T0336,Food,Unknown
T9982,Education,Unknown
T9475,Freelance,Unknown
T8311,Food,Education
T11515,Travel,Entertainment
T0492,Utilities,Unknown
T1508,Rent,Travel
T13903,Education,Unknown
T11894,Food,Unknown
T0725,Food,Unknown
T3072,Utilities,Unknown
T3678,Rent,Entertainment
T9854,Rent,Utilities
T10117,Other,Unknown
T8017,Education,Unknown
T12919,Rent,Unknown
T10584,Other,Utilities
T13812,Investment,Unknown
T0528,Other,Entertainment
T1534,Bonus,Unknown
T6331,Health,Unknown
T11546,Entertainment,Education
T6245,Health,Utilities
T9230,Travel,Unknown
T2212,Food,Education
T8657,Health,Utilities
T3284,Education,Unknown
T11371,Travel,Unknown
T13813,Rent,Entertainment
T9001,Savings,Unknown
T0102,Travel,Entertainment
T0508,Salary,Unknown
T13253,Freelance,Unknown
T8337,Rent,Unknown
T2713,Investment,Unknown
T10990,Other,Unknown
T11724,Bonus,Unknown
T6626,Food,Unknown
T5893,Food,Unknown
T8684,Food,Unknown
T9306,Rent,Unknown
T11766,Travel,Unknown
T7120,Rent,Unknown
T12252,Travel,Unknown
T5169,Utilities,Unknown
T12194,Entertainment,Unknown
T12923,Entertainment,Unknown
T2858,Rent,Unknown
T0316,Rent,Unknown
T8752,Rent,Travel
T6660,Food,Unknown
T3994,Utilities,Unknown
T3411,Freelance,Entertainment
T11132,Food,Food
T9044,Travel,Utilities
T0974,Rent,Unknown
T3089,Entertainment,Unknown
T1731,Savings,Unknown
T11566,Food,Food
T12995,Travel,Unknown
T10396,Travel,Unknown
T0130,Utilities,Unknown
T11043,Investment,Entertainment
T9081,Food,Utilities
T7436,Rent,Unknown
T4462,Rent,Unknown
T2756,Entertainment,Unknown
T0757,Travel,Unknown
T8068,Bonus,Food
T7918,Food,Unknown
T12354,Food,Unknown
T12618,Other,Unknown
T12291,Salary,Unknown
T12247,Rent,Unknown
T1468,Freelance,Entertainment
T12877,Food,Unknown
T13742,Utilities,Unknown
T8685,Travel,Unknown
T12600,Entertainment,Entertainment
T12301,Travel,Unknown
T10980,Rent,Utilities
T7830,Rent,Utilities
T13691,Rent,Health
T13061,Freelance,Health
T8979,Food,Health
T11505,Entertainment,Unknown
T5886,Food,Unknown
T11709,Rent,Health
T5441,Education,Unknown
T3206,Other,Unknown
T3790,Health,Unknown
T3752,Rent,Unknown
T11900,Other,Unknown
T1432,Food,Utilities
T5933,Travel,Unknown
T13007,Other,Unknown
T1217,Food,Unknown
T2232,Rent,Food
T9551,Food,Utilities
T0150,Food,Education
T6412,Health,Unknown
T13759,Education,Unknown
T12531,Food,Unknown
T11692,Rent,Unknown
T13049,Food,Unknown
T0060,Food,Food
T1737,Utilities,Unknown
T3365,Education,Unknown
T5798,Rent,Unknown
T4582,Rent,Unknown
T6961,Entertainment,Unknown
T0627,Bonus,Health
T0021,Salary,Unknown
T3978,Health,Travel
T11989,Food,Unknown
T5469,Health,Unknown
T13251,Education,Utilities
T12999,Utilities,Unknown
T3859,Food,Utilities
T13384,Travel,Unknown
T11729,Rent,Health
T3482,Food,Unknown
T2767,Food,Food
T8728,Rent,Unknown
T12280,Travel,Food
T11291,Bonus,Unknown
T10192,Utilities,Unknown
T6304,Rent,Unknown
T7472,Salary,Unknown
T0400,Utilities,Utilities
T2167,Travel,Unknown
T5972,Rent,Unknown
T3092,Food,Unknown
T9530,Salary,Unknown
T11205,Investment,Unknown
T5404,Rent,Unknown
T2349,Education,Unknown
T4522,Food,Unknown
T2409,Food,Unknown
T10852,Bonus,Unknown
T10392,Rent,Unknown
T11547,Food,Unknown
T6658,Freelance,Unknown
T5247,Entertainment,Entertainment
T11805,Savings,Unknown
T8215,Food,Unknown
T10499,Education,Unknown
T2835,Savings,Unknown
T13699,Rent,Unknown
T7932,Entertainment,Unknown
T5134,Food,Unknown
T5150,Travel,Unknown
T13350,Food,Health
T6801,Rent,Unknown
T12866,Other,Unknown
T0275,Entertainment,Unknown
T9934,Entertainment,Unknown
T13656,Food,Unknown
T12861,Entertainment,Health
T12135,Education,Unknown
T9894,Rent,Unknown
T5376,Food,Food
T13321,Food,Unknown
T1413,Travel,Utilities
T3903,Food,Unknown
T13581,Utilities,Unknown
T2918,Utilities,Unknown
T9306,Utilities,Unknown
T6053,Food,Unknown
T8860,Education,Food
T3315,Food,Food
T2876,Food,Unknown
T9432,Rent,Unknown
T8214,Rent,Unknown
T1756,Utilities,Food
T2473,Savings,Unknown
T2150,Health,Unknown
T12696,Food,Unknown
T11742,Utilities,Unknown
T1354,Education,Travel
T10571,Entertainment,Utilities
T2615,Rent,Utilities
T4517,Education,Unknown
T5415,Utilities,Unknown
T4429,Food,Unknown
T5462,Health,Unknown
T0818,Utilities,Education
T6203,Food,Unknown
T6997,Health,Utilities
T4980,Entertainment,Unknown
T1871,Entertainment,Food
T12200,Utilities,Unknown
T2547,Entertainment,Unknown
T2589,Utilities,Unknown
T2191,Travel,Entertainment
T10217,Travel,Health
T8861,Investment,Education
T6741,Education,Unknown
T10580,Utilities,Unknown
T0851,Freelance,Utilities
T1489,Utilities,Unknown
T10658,Investment,Food
T8595,Health,Unknown
T0674,Utilities,Health
T9404,Salary,Unknown
T11661,Education,Unknown
T4662,Food,Unknown
T6751,Food,Unknown
T5894,Health,Unknown
T1105,Health,Unknown
T3242,Savings,Unknown
T1350,Rent,Unknown
T8603,Travel,Food
T9451,Utilities,Unknown
T13546,Utilities,Unknown
T3034,Savings,Health
T8167,Rent,Food
T10932,Travel,Unknown
T13852,Savings,Travel
T0524,Savings,Unknown
T5679,Travel,Unknown
T12203,Food,Unknown
T10313,Other,Unknown
T1129,Travel,Unknown
T4912,Food,Unknown
T5378,Rent,Unknown
T3139,Food,Unknown
T13775,Rent,Unknown
T10048,Travel,Education
T3187,Rent,Unknown
T6526,Utilities,Unknown
T5677,Rent,Unknown
T4502,Travel,Unknown
T7614,Food,Unknown
T9474,Entertainment,Unknown
T3192,Rent,Education
T2264,Utilities,Unknown
T9833,Bonus,Unknown
T1504,Health,Unknown
T6059,Food,Unknown
T1093,Food,Unknown
T11077,Travel,Food
T7923,Bonus,Unknown
T6189,Food,Food
T3341,Rent,Unknown
T2959,Utilities,Unknown
T7832,Other,Unknown
T0663,Travel,Unknown
T4568,Food,Unknown
T0248,Utilities,Unknown
T2094,Salary,Unknown
T13495,Rent,Unknown
T4343,Travel,Unknown
T6544,Other,Health
T2035,Food,Unknown
T4931,Other,Utilities
T2728,Rent,Unknown
T11873,Health,Unknown
T9377,Travel,Unknown
T6415,Entertainment,Food
T8862,Health,Unknown
T4407,Education,Unknown
T13200,Rent,Unknown
T2354,Rent,Unknown
T1108,Rent,Unknown
T12694,Education,Utilities
T7997,Other,Unknown
T6403,Rent,Unknown
T4917,Travel,Unknown
T11542,Food,Education
T9685,Bonus,Travel
T2338,Education,Unknown
T2718,Health,Unknown
T5182,Food,Food
T1471,Utilities,Unknown
T9305,Food,Food
T9630,Rent,Unknown
T2653,Education,Unknown
T4981,Other,Unknown
T12096,Food,Unknown
T0584,Utilities,Unknown
T13475,Investment,Unknown
T8307,Rent,Travel
T11229,Other,Unknown
T9164,Rent,Unknown
T5805,Health,Utilities
T3318,Utilities,Unknown
T13774,Utilities,Unknown
T6076,Travel,Unknown
T1665,Rent,Travel
T13829,Travel,Unknown
T12385,Rent,Unknown
T2261,Rent,Unknown
T2081,Rent,Unknown
T2886,Rent,Unknown
T3534,Rent,Utilities
T9251,Utilities,Health
T0928,Food,Unknown
T6128,Salary,Utilities
T10143,Travel,Unknown
T6071,Food,Unknown
T1963,Rent,Unknown
T10425,Food,Unknown
T8639,Entertainment,Unknown
T9324,Other,Unknown
T12142,Investment,Unknown
T9559,Food,Unknown
T3657,Rent,Unknown
T5293,Health,Unknown
T3701,Education,Utilities
T0910,Other,Unknown
T13044,Rent,Unknown
T10114,Rent,Unknown
T7982,Utilities,Unknown
T10902,Utilities,Travel
T8084,Entertainment,Utilities
T11968,Investment,Unknown
T6068,Savings,Unknown
T2158,Education,Unknown
T0751,Food,Unknown
T1209,Food,Education
T13633,Other,Education
T5192,Food,Unknown
T3346,Education,Unknown
T6971,Rent,Utilities
T7579,Food,Unknown
T6689,Travel,Unknown
T6070,Savings,Unknown
T4324,Education,Unknown
T6881,Other,Health
T0359,Travel,Unknown
T11481,Rent,Unknown
T11922,Travel,Health
T3317,Food,Food
T12455,Entertainment,Unknown
T5430,Rent,Utilities
T10063,Rent,Unknown
T5885,Education,Unknown
T0415,Savings,Unknown
T12151,Travel,Unknown
T5993,Entertainment,Unknown
T10804,Food,Unknown
T13016,Other,Unknown
T9693,Food,Unknown
T8678,Investment,Unknown
T11779,Rent,Unknown
T8422,Food,Education
T8243,Utilities,Food
T12133,Health,Unknown
T2648,Rent,Unknown
T4392,Utilities,Food
T8033,Salary,Unknown
T9492,Entertainment,Unknown
T5144,Entertainment,Unknown
T7296,Health,Food
T13110,Travel,Food
T6361,Salary,Unknown
T0904,Travel,Unknown
T5089,Food,Unknown
T4944,Rent,Food
T6067,Investment,Unknown
T12165,Entertainment,Unknown
T12411,Health,Utilities
T2428,Entertainment,Unknown
T4368,Other,Food
T8670,Food,Unknown
T12350,Food,Utilities
T1956,Rent,Food
T6970,Utilities,Travel
T3956,Rent,Unknown
T6236,Education,Education
T9224,Rent,Health
T1102,Salary,Unknown
T2004,Utilities,Unknown
T5986,Bonus,Unknown
T12664,Food,Unknown
T6082,Travel,Travel
T12892,Food,Unknown
T2691,Rent,Unknown
T0740,Rent,Unknown
T1344,Travel,Unknown
T0954,Freelance,Unknown
T7981,Rent,Unknown
T3409,Utilities,Unknown
T6471,Other,Utilities
T0942,Rent,Unknown
T2737,Travel,Unknown
T3885,Entertainment,Education
T1208,Education,Unknown
T7652,Bonus,Travel
T10528,Entertainment,Unknown
T6912,Education,Unknown
T4655,Rent,Unknown
T5185,Salary,Unknown
T12092,Food,Unknown
T6787,Health,Unknown
T9790,Travel,Unknown
T0991,Food,Unknown
T8975,Rent,Unknown
T9771,Investment,Unknown
T2100,Investment,Unknown
T5330,Rent,Unknown
T8354,Rent,Unknown
T4728,Entertainment,Unknown
T8238,Investment,Unknown
T10350,Education,Entertainment
T4847,Education,Unknown
T6560,Rent,Unknown
T8382,Food,Unknown
T11498,Food,Unknown
T7794,Travel,Unknown
T13337,Food,Travel
T9562,Travel,Unknown
T8743,Rent,Food
T8027,Entertainment,Unknown
T3226,Food,Unknown
T7198,Investment,Unknown
T0529,Entertainment,Unknown
T4919,Food,Unknown
T1235,Food,Entertainment
T10703,Rent,Unknown
T6089,Travel,Unknown
T10436,Other,Unknown
T10199,Food,Utilities
T13144,Food,Unknown
T9578,Rent,Unknown
T12470,Education,Unknown
T4327,Entertainment,Travel
T13220,Food,Unknown
T1323,Utilities,Health
T2584,Rent,Unknown
T1755,Food,Unknown
T11323,Food,Unknown
T9580,Education,Travel
T13726,Entertainment,Unknown
T4003,Food,Food
T3593,Food,Unknown
T8497,Rent,Unknown
T13790,Rent,Unknown
T5154,Food,Unknown
T10597,Rent,Unknown
T0008,Food,Unknown
T8076,Freelance,Utilities
T3931,Other,Food
T7935,Entertainment,Food
T3849,Salary,Unknown
T6656,Savings,Unknown
T9058,Rent,Unknown
T1945,Education,Unknown
T12113,Utilities,Unknown
T9901,Entertainment,Unknown
T5279,Rent,Unknown
T6130,Freelance,Food
T6429,Travel,Unknown
T3085,Food,Unknown
T7034,Utilities,Unknown
T4379,Education,Unknown
T13079,Utilities,Unknown
T0318,Travel,Unknown
T8970,Travel,Unknown
T10896,Rent,Unknown
T10638,Investment,Unknown
T13855,Other,Unknown
T13291,Savings,Utilities
T12266,Travel,Food
T9414,Rent,Unknown
T2864,Rent,Entertainment
T11522,Rent,Utilities
T4403,Food,Unknown
T8069,Other,Unknown
T8416,Freelance,Unknown
T12746,Travel,Unknown
T3810,Education,Food
T3257,Investment,Unknown
T6411,Entertainment,Unknown
T13738,Travel,Unknown
T9676,Rent,Unknown
T12440,Entertainment,Utilities
T12613,Food,Unknown
T4805,Food,Food
T8943,Other,Unknown
T12104,Food,Unknown
T13121,Food,Unknown
T6335,Rent,Unknown
T6740,Travel,Unknown
T4969,Travel,Unknown
T4694,Education,Unknown
T3171,Food,Unknown
T12666,Food,Unknown
T6061,Rent,Education
T12605,Other,Unknown
T6260,Other,Unknown
T1759,Food,Unknown
T13288,Utilities,Education
T2989,Travel,Unknown
T1300,Travel,Unknown
T6743,Rent,Unknown
T3175,Food,Unknown
T10468,Entertainment,Unknown
T3176,Travel,Education
T4921,Salary,Travel
T7939,Rent,Unknown
T7252,Education,Unknown
T8024,Food,Unknown
T3119,Utilities,Health
T3674,Travel,Unknown
T12546,Food,Food
T4814,Travel,Unknown
T13212,Other,Unknown
T8621,Health,Unknown
T5775,Rent,Unknown
T13611,Travel,Unknown
T1589,Rent,Unknown
T13647,Travel,Unknown
T4581,Food,Entertainment
T0098,Rent,Unknown
T3979,Freelance,Travel
T8655,Utilities,Unknown
T9911,Entertainment,Unknown
T0501,Rent,Education
T13217,Savings,Unknown
T0321,Travel,Utilities
T0591,Other,Unknown
T2010,Utilities,Unknown
T3231,Investment,Food
T13513,Rent,Unknown
T9940,Investment,Unknown
T5251,Food,Unknown
T1585,Food,Unknown
T13422,Food,Unknown
T11154,Utilities,Unknown
T3961,Travel,Unknown
T13372,Rent,Unknown
T10148,Entertainment,Health
T3521,Bonus,Unknown
T7411,Rent,Food
T11100,Food,Unknown
T1884,Rent,Unknown
T2667,Food,Unknown
T5845,Education,Unknown
T6700,Freelance,Unknown
T7011,Food,Unknown
T0133,Food,Unknown
T11958,Food,Unknown
T2815,Health,Unknown
T7649,Salary,Food
T6833,Food,Unknown
T11476,Other,Food
T11966,Food,Unknown
T8012,Utilities,Unknown
T3872,Rent,Unknown
T13094,Rent,Travel
T1062,Food,Health
T2224,Food,Unknown
T11413,Food,Unknown
T5514,Utilities,Unknown
T10270,Food,Food
T10487,Health,Unknown
T3913,Food,Unknown
T6865,Travel,Unknown
T7874,Food,Unknown
T7865,Entertainment,Unknown
T12527,Entertainment,Unknown
T12608,Rent,Unknown
T7831,Other,Utilities
T10370,Rent,Unknown
T5066,Entertainment,Unknown
T1490,Food,Unknown
T2573,Rent,Unknown
T1070,Utilities,Unknown
T6605,Food,Food
T5435,Utilities,Unknown
T3679,Education,Unknown
T8626,Rent,Utilities
T8252,Travel,Unknown
T2052,Utilities,Unknown
T8151,Savings,Entertainment
T1570,Health,Unknown
T9664,Rent,Unknown
T6684,Utilities,Unknown
T13798,Education,Unknown
T10159,Rent,Unknown
T7287,Travel,Unknown
T13149,Food,Unknown
T3771,Travel,Food
T3049,Rent,Education
T11941,Utilities,Utilities
T12655,Travel,Unknown
T8807,Food,Unknown
T0504,Education,Unknown
T7455,Travel,Unknown
T11285,Food,Unknown
T0126,Rent,Utilities
T3004,Other,Unknown
T7837,Travel,Unknown
T1948,Food,Utilities
T9882,Rent,Education
T1699,Entertainment,Unknown
T4454,Entertainment,Unknown
T2604,Investment,Unknown
T7255,Other,Unknown
T10257,Freelance,Unknown
T5648,Food,Food
T2900,Education,Education
T9332,Education,Travel
T2121,Food,Unknown
T4949,Health,Unknown
T8878,Food,Unknown
T8092,Rent,Unknown
T12185,Rent,Travel
T8683,Rent,Unknown
T0632,Travel,Entertainment
T4713,Travel,Food
T8986,Entertainment,Unknown
T11235,Rent,Utilities
T3082,Food,Unknown
T8240,Food,Health
T5919,Other,Unknown
T4015,Education,Food
T6263,Travel,Unknown
T6299,Entertainment,Unknown
T9082,Utilities,Unknown
T9548,Education,Unknown
T2593,Investment,Unknown
T5634,Freelance,Food
T4422,Food,Unknown
T7330,Food,Unknown
T5818,Rent,Travel
T6012,Rent,Food
T12583,Entertainment,Unknown
T8206,Travel,Unknown
T5452,Entertainment,Unknown
T11119,Travel,Unknown
T2620,Utilities,Utilities
T8458,Health,Unknown
T5173,Food,Unknown
T10978,Travel,Food
T9797,Bonus,Unknown
T2846,Investment,Unknown
T7864,Entertainment,Travel
T9828,Salary,Unknown
T6772,Food,Education
T4875,Rent,Unknown
T11317,Rent,Unknown
T5007,Other,Unknown
T1555,Food,Unknown
T6135,Education,Unknown
T8321,Travel,Unknown
T9526,Entertainment,Unknown
T3803,Freelance,Utilities
T13303,Utilities,Unknown
T10164,Food,Unknown
T3870,Food,Utilities
T9709,Food,Unknown
T10736,Food,Utilities
T9031,Rent,Unknown
T3054,Entertainment,Food
T1683,Rent,Unknown
T1240,Food,Utilities
T4990,Travel,Health
T1609,Investment,Unknown
T10772,Education,Unknown
T0515,Food,Unknown
T13773,Food,Unknown
T10220,Other,Entertainment
T5459,Health,Health
T1914,Savings,Unknown
T13034,Rent,Unknown
T5245,Other,Unknown
T5473,Savings,Utilities
T8370,Food,Unknown
T10705,Other,Unknown
T12533,Food,Utilities
T3272,Salary,Food
T8536,Food,Unknown
T7433,Utilities,Unknown
T4811,Food,Unknown
T2481,Utilities,Unknown
T10712,Entertainment,Unknown
T10156,Other,Unknown
T4868,Food,Utilities
T11078,Freelance,Unknown
T2297,Food,Unknown
T1711,Rent,Unknown
T2069,Food,Food
T7747,Other,Food
T9287,Education,Unknown
T10602,Food,Unknown
T1607,Food,Unknown
T8585,Savings,Unknown
T13564,Rent,Food
T13189,Savings,Unknown
T2134,Travel,Unknown
T3800,Travel,Unknown
T2205,Travel,Unknown
T5815,Utilities,Unknown
T1590,Freelance,Unknown
T0634,Rent,Food
T8505,Utilities,Entertainment
T10758,Food,Unknown
T10364,Entertainment,Unknown
T11312,Utilities,Unknown
T4091,Rent,Unknown
T0864,Bonus,Food
T11439,Bonus,Health
T12643,Savings,Unknown
T8176,Utilities,Unknown
T3388,Food,Travel
T11311,Utilities,Entertainment
T3316,Education,Food
T5217,Rent,Entertainment
T3718,Health,Unknown
T9186,Travel,Unknown
T2034,Food,Unknown
T12620,Entertainment,Unknown
T0881,Food,Unknown
T3340,Food,Utilities
T0564,Travel,Unknown
T3180,Food,Unknown
T0253,Rent,Utilities
T3907,Savings,Unknown
T13601,Entertainment,Unknown
T11885,Food,Unknown
T13714,Salary,Unknown
T10770,Food,Unknown
T5903,Rent,Utilities
T3507,Rent,Unknown
T12363,Food,Unknown
T4603,Travel,Travel
T8671,Rent,Food
T11289,Health,Unknown
T3604,Utilities,Food
T6885,Utilities,Unknown
T8204,Rent,Unknown
T8994,Food,Unknown
T11990,Utilities,Unknown
T9807,Food,Travel
T11463,Utilities,Unknown
T6346,Entertainment,Unknown
T10595,Utilities,Unknown
T10298,Entertainment,Unknown
T10223,Other,Unknown
T4696,Travel,Unknown
T6904,Entertainment,Unknown
T11600,Rent,Unknown
T9805,Food,Unknown
T13461,Bonus,Unknown
T1815,Other,Unknown
T12669,Entertainment,Unknown
T3125,Salary,Unknown
T4022,Bonus,Unknown
T7793,Entertainment,Unknown
T12733,Food,Unknown
T9545,Food,Education
T11455,Salary,Food
T6394,Other,Unknown
T3864,Education,Unknown
T9274,Entertainment,Unknown
T4986,Travel,Unknown
T5967,Food,Health
T9663,Rent,Unknown
T0378,Entertainment,Food
T1393,Food,Unknown
T2282,Food,Unknown
T13217,Food,Unknown
T4863,Travel,Unknown
T1764,Entertainment,Food
T9772,Health,Food
T1972,Salary,Unknown
T9858,Salary,Unknown
T5478,Other,Unknown
T12119,Food,Unknown
T4150,Health,Unknown
T5493,Education,Entertainment
T0328,Investment,Utilities
T13939,Food,Food
T5602,Rent,Unknown
T4199,Entertainment,Utilities
T9257,Bonus,Food
T5511,Food,Unknown
T0387,Rent,Unknown
T5852,Entertainment,Unknown
T8224,Entertainment,Unknown
T1572,Education,Unknown
T1854,Utilities,Unknown
T10860,Salary,Entertainment
T7758,Food,Unknown
T12057,Bonus,Food
T7623,Entertainment,Entertainment
T0951,Food,Education
T13889,Food,Unknown
T3853,Other,Unknown
T13483,Investment,Food
T0847,Food,Unknown
T4947,Education,Unknown
T1013,Entertainment,Unknown
T4587,Food,Unknown
T13801,Utilities,Food
T10403,Bonus,Unknown
T10488,Food,Unknown
T9434,Other,Food
T10284,Rent,Unknown
T10374,Food,Unknown
T10457,Food,Food
T0455,Investment,Unknown
T0217,Travel,Food
T9997,Travel,Unknown
T13494,Food,Unknown
T7435,Entertainment,Unknown
T1511,Entertainment,Unknown
T1714,Travel,Food
T8436,Other,Unknown
T5167,Food,Health
T3320,Rent,Unknown
T8462,Travel,Unknown
T5008,Investment,Unknown
T4063,Rent,Unknown
T6755,Travel,Unknown
T10382,Travel,Food
T9201,Food,Unknown
T11999,Utilities,Unknown
T10847,Travel,Unknown
T11010,Utilities,Unknown
T9945,Travel,Utilities
T5603,Travel,Education
T8776,Salary,Unknown
T11920,Entertainment,Food
T8522,Utilities,Unknown
T7202,Utilities,Utilities
T1657,Education,Unknown
T10874,Education,Unknown
T6798,Freelance,Unknown
T0062,Education,Entertainment
T0324,Food,Unknown
T0923,Rent,Unknown
T7882,Food,Food
T10888,Other,Unknown
T0080,Food,Unknown
T4883,Travel,Unknown
T3751,Bonus,Unknown
T10727,Utilities,Unknown
T5256,Education,Unknown
T5507,Food,Food
T9138,Education,Travel
T10484,Travel,Unknown
T9353,Rent,Health
T1019,Rent,Unknown
T10815,Bonus,Entertainment
T12614,Salary,Unknown
T4053,Rent,Education
T4036,Travel,Unknown
T9599,Entertainment,Utilities
T11167,Entertainment,Unknown
T0490,Food,Travel
T7484,Travel,Unknown
T4415,Education,Unknown
T8285,Rent,Health
T0050,Investment,Unknown
T6644,Other,Unknown
T12830,Utilities,Unknown
T13459,Utilities,Utilities
T3953,Travel,Unknown
T4442,Rent,Unknown
T12780,Travel,Unknown
T6803,Utilities,Unknown
T9837,Savings,Unknown
T3592,Food,Unknown
T9323,Food,Food
T2575,Entertainment,Utilities
T5120,Entertainment,Education
T12134,Food,Utilities
T6871,Food,Utilities
T9450,Food,Unknown
T11570,Travel,Unknown
T1399,Investment,Unknown
T10607,Other,Unknown
T0003,Health,Unknown
T9387,Savings,Food
T8628,Food,Health
T2793,Utilities,Unknown
T10093,Travel,Unknown
T11995,Rent,Unknown
T8060,Salary,Unknown
T5354,Education,Unknown
T2049,Utilities,Unknown
T7124,Food,Unknown
T11485,Rent,Unknown
T0633,Entertainment,Unknown
T12770,Rent,Utilities
T7755,Utilities,Unknown
T9543,Rent,Unknown
T12487,Food,Unknown
T10225,Travel,Education
T9625,Entertainment,Entertainment
T12202,Rent,Education
T1487,Travel,Unknown
T9540,Travel,Unknown
T1858,Food,Unknown
T7369,Bonus,Utilities
T7750,Utilities,Food
T3449,Rent,Unknown
T6561,Savings,Unknown
T6045,Food,Unknown
T2021,Food,Food
T2681,Food,Unknown
T7825,Education,Unknown
T6223,Rent,Unknown
T0114,Food,Unknown
T13379,Entertainment,Unknown
T12443,Freelance,Unknown
T7748,Travel,Unknown
T13428,Rent,Unknown
T13901,Rent,Unknown
T2650,Education,Entertainment
T11978,Salary,Travel
T13937,Food,Unknown
T2652,Rent,Unknown
T6954,Rent,Utilities
T4443,Education,Unknown
T2252,Education,Unknown
T5299,Food,Unknown
T3300,Entertainment,Unknown
T5949,Bonus,Unknown
T1894,Education,Entertainment
T1548,Food,Unknown
T1670,Food,Unknown
T2727,Travel,Health
T3114,Food,Utilities
T8056,Entertainment,Food
T10862,Food,Unknown
T8718,Food,Entertainment
T10080,Food,Unknown
T12020,Entertainment,Unknown
T4827,Rent,Unknown
T10835,Rent,Unknown
T5887,Travel,Utilities
T13661,Rent,Unknown
T0502,Rent,Health
T12671,Food,Unknown
T11976,Utilities,Unknown
T2343,Savings,Unknown
T10374,Utilities,Unknown
T13265,Rent,Unknown
T1595,Food,Unknown
T12836,Salary,Utilities
T6524,Bonus,Unknown
T7516,Rent,Food
T7049,Food,Unknown
T8123,Rent,Entertainment
T10171,Travel,Unknown
T6195,Salary,Unknown
T6166,Education,Unknown
T7453,Rent,Unknown
T4992,Travel,Unknown
T9374,Food,Unknown
T5574,Savings,Food
T9583,Food,Unknown
T8477,Utilities,Entertainment
T8139,Utilities,Unknown
T4321,Food,Unknown
T3007,Other,Unknown
T3635,Travel,Unknown
T12018,Travel,Unknown
T4186,Food,Unknown
T13121,Utilities,Unknown
T0153,Entertainment,Unknown
T0489,Utilities,Unknown
T13435,Rent,Unknown
T10553,Utilities,Unknown
T2468,Health,Unknown
T2201,Investment,Unknown
T5660,Food,Unknown
T11889,Entertainment,Food
T7357,Food,Unknown
T11335,Investment,Unknown
T5804,Travel,Food
T0268,Travel,Unknown
T9756,Education,Unknown
T10470,Health,Unknown
T12140,Travel,Unknown
T4549,Utilities,Unknown
T7340,Rent,Unknown
T6527,Rent,Unknown
T7256,Food,Education
T4111,Travel,Unknown
T11506,Education,Unknown
T0924,Salary,Food
T12240,Utilities,Unknown
T5512,Utilities,Utilities
T7901,Entertainment,Unknown
T7302,Food,Unknown
T13493,Food,Unknown
T2977,Freelance,Unknown
T3510,Education,Unknown
T7099,Other,Health
T12469,Rent,Food
T10614,Other,Unknown
T0392,Food,Unknown
T10991,Rent,Unknown
T4685,Travel,Unknown
T4778,Travel,Utilities
T13017,Rent,Utilities
T8305,Food,Unknown
T11966,Food,Unknown
T5017,Salary,Food
T0657,Entertainment,Unknown
T2445,Rent,Health
T0734,Food,Unknown
T7787,Food,Unknown
T4520,Other,Food
T8208,Salary,Unknown
T9294,Rent,Unknown
T8517,Rent,Unknown
T6794,Food,Travel
T13535,Rent,Unknown
T0718,Rent,Unknown
T1366,Rent,Entertainment
T7721,Investment,Unknown
T9325,Entertainment,Travel
T4548,Food,Unknown
T7949,Food,Unknown
T8591,Utilities,Unknown
T12296,Utilities,Utilities
T2550,Rent,Unknown
T11777,Utilities,Unknown
T11269,Food,Unknown
T3514,Food,Unknown
T1248,Rent,Unknown
T8825,Entertainment,Unknown
T7770,Health,Unknown
T9259,Food,Unknown
T10863,Education,Food
T2670,Health,Unknown
T11769,Utilities,Unknown
T7731,Utilities,Unknown
T4508,Rent,Entertainment
T11544,Rent,Unknown
T5526,Food,Food
T5360,Travel,Unknown
T9364,Education,Unknown
T13806,Rent,Unknown
T13745,Utilities,Unknown
T11695,Savings,Entertainment
T2732,Utilities,Education
T10530,Travel,Unknown
T9334,Entertainment,Unknown
T11236,Travel,Unknown
T2539,Utilities,Unknown
T9586,Utilities,Education
T13984,Utilities,Entertainment
T0785,Travel,Unknown
T7347,Travel,Unknown
T11634,Food,Utilities
T4420,Entertainment,Unknown
T2938,Savings,Unknown
T7320,Travel,Unknown
T0592,Food,Unknown
T10476,Rent,Utilities
T2283,Rent,Unknown
T4254,Education,Unknown
T6343,Salary,Unknown
T1063,Food,Unknown
T4625,Rent,Unknown
T4834,Entertainment,Unknown
T4534,Freelance,Unknown
T11199,Utilities,Entertainment
T11866,Utilities,Unknown
T1188,Health,Education
T8574,Entertainment,Food
T1187,Other,Unknown
T2369,Entertainment,Unknown
T7845,Utilities,Unknown
T8231,Rent,Unknown
T7677,Travel,Utilities
T5303,Food,Unknown
T5954,Travel,Utilities
T0411,Entertainment,Entertainment
T8178,Entertainment,Unknown
T9937,Food,Unknown
T2598,Other,Unknown
T3967,Entertainment,Unknown
T1123,Food,Unknown
T6920,Rent,Unknown
T10850,Travel,Unknown
T12355,Bonus,Unknown
T7012,Rent,Unknown
T8353,Entertainment,Unknown
T12925,Rent,Unknown
T5153,Rent,Food
T6583,Other,Unknown
T12649,Travel,Education
T13503,Utilities,Unknown
T7194,Travel,Unknown
T13937,Utilities,Travel
T9193,Entertainment,Unknown
T11302,Rent,Education
T5084,Food,Unknown
T0129,Education,Unknown
T0772,Health,Unknown
T2525,Bonus,Unknown
T0457,Rent,Unknown
T13423,Rent,Unknown
T10839,Bonus,Unknown
T6112,Rent,Unknown
T4442,Investment,Unknown
T3020,Food,Utilities
T5357,Rent,Unknown
T4855,Utilities,Food
T9777,Rent,Entertainment
T7346,Education,Unknown
T6758,Rent,Unknown
T11918,Travel,Utilities
T7366,Education,Unknown
T10307,Rent,Health
T6963,Savings,Unknown
T5193,Education,Unknown
T11055,Education,Unknown
T9114,Food,Unknown
T10719,Food,Unknown
T1644,Entertainment,Unknown
T1565,Food,Unknown
T2093,Utilities,Utilities
T12714,Salary,Unknown
T3996,Rent,Unknown
T11025,Health,Unknown
T6964,Savings,Unknown
T10950,Food,Unknown
T1542,Entertainment,Unknown
T12988,Rent,Utilities
T10994,Education,Unknown
T3191,Rent,Entertainment
T9174,Rent,Food
T7087,Travel,Unknown
T7524,Bonus,Unknown
T9852,Food,Entertainment
T12688,Rent,Utilities
T8854,Rent,Unknown
T10947,Utilities,Unknown
T1868,Entertainment,Utilities
T11909,Investment,Unknown
T4113,Food,Unknown
T13731,Entertainment,Unknown
T4476,Utilities,Unknown
T7740,Travel,Unknown
T10495,Rent,Entertainment
T2054,Food,Entertainment
T7140,Rent,Unknown
T6507,Utilities,Health
T9299,Food,Unknown
T11348,Entertainment,Food
T7816,Rent,Unknown
T11638,Savings,Unknown
T4773,Health,Unknown
T8722,Food,Unknown
T5090,Health,Unknown
T7059,Travel,Unknown
T4259,Utilities,Health
T0410,Travel,Unknown
T3037,Other,Unknown
T2472,Food,Unknown
T9695,Entertainment,Unknown
T3405,Investment,Unknown
T8846,Salary,Unknown
T7372,Freelance,Unknown
T6033,Rent,Unknown
T10775,Health,Unknown
T10229,Freelance,Unknown
T1149,Education,Food
T9850,Entertainment,Unknown
T1974,Freelance,Entertainment
T4938,Bonus,Unknown
T12447,Freelance,Unknown
T7351,Entertainment,Food
T1808,Travel,Unknown
T13159,Utilities,Food
T0587,Food,Travel
T1571,Travel,Unknown
T10030,Rent,Utilities
T7969,Savings,Unknown
T12023,Travel,Unknown
T12878,Food,Unknown
T4485,Food,Utilities
T9497,Entertainment,Unknown
T8387,Freelance,Food
T8709,Rent,Unknown
T6514,Rent,Unknown
T10029,Rent,Unknown
T4785,Travel,Unknown
T9392,Salary,Food
T9713,Travel,Travel
T9233,Entertainment,Unknown
T8064,Entertainment,Unknown
T11654,Food,Unknown
T13818,Health,Unknown
T4231,Rent,Unknown
T4095,Education,Unknown
T1118,Entertainment,Unknown
T4633,Bonus,Education
T7163,Food,Unknown
T1501,Other,Unknown
T5553,Travel,Unknown
T9338,Education,Unknown
T9815,Investment,Unknown
T0082,Food,Unknown
T6384,Rent,Unknown
T2733,Travel,Travel
T0883,Rent,Food
T9589,Travel,Utilities
T12699,Health,Unknown
T6556,Food,Unknown
T9286,Food,Unknown
T13800,Salary,Entertainment
T5419,Education,Unknown
T4596,Entertainment,Unknown
T5592,Health,Unknown
T13026,Freelance,Unknown
T10288,Entertainment,Unknown
T1833,Education,Unknown
T3934,Utilities,Unknown
T4474,Rent,Unknown
T13464,Education,Unknown
T0101,Entertainment,Education
T8236,Entertainment,Unknown
T12297,Entertainment,Education
T7556,Rent,Unknown
T2116,Utilities,Unknown
T0821,Utilities,Unknown
T6572,Food,Unknown
T5491,Utilities,Unknown
T4470,Rent,Unknown
T1664,Utilities,Unknown
T2233,Health,Education
T9206,Salary,Unknown
T11963,Travel,Unknown
T11818,Food,Food
T6829,Rent,Unknown
T9403,Savings,Unknown
T2973,Rent,Health
T11552,Freelance,Food
T10795,Rent,Food
T11133,Other,Unknown
T11441,Travel,Unknown
T7702,Entertainment,Unknown
T2738,Food,Health
T2406,Food,Food
T6006,Utilities,Unknown
T5203,Food,Unknown
T8731,Food,Unknown
T7954,Utilities,Utilities
T11907,Rent,Unknown
T0339,Utilities,Health
T6478,Health,Food
T3632,Food,Unknown
T12304,Rent,Food
T0639,Utilities,Entertainment
T12573,Food,Utilities
T2018,Food,Unknown
T11568,Rent,Food
T7063,Rent,Unknown
T8198,Travel,Unknown
T11139,Food,Unknown
T1873,Bonus,Travel
T11795,Rent,Unknown
T12072,Food,Unknown
T8278,Savings,Education
T2822,Rent,Utilities
T3689,Food,Unknown
T0422,Investment,Unknown
T6841,Food,Food
T7757,Other,Utilities
T8977,Utilities,Unknown
T0662,Other,Unknown
T5239,Travel,Unknown
T7401,Food,Unknown
T0396,Utilities,Unknown
T8511,Entertainment,Unknown
T9428,Rent,Unknown
T3911,Food,Unknown
T0029,Other,Unknown
T0753,Food,Unknown
T8417,Utilities,Unknown
T8134,Health,Health
T5194,Utilities,Unknown
T4096,Rent,Unknown
T13010,Health,Unknown
T5891,Food,Food
T13156,Travel,Utilities
T10428,Education,Food
T3307,Travel,Unknown
T4857,Utilities,Unknown
T6778,Travel,Unknown
T4968,Bonus,Unknown
T2112,Travel,Utilities
T13249,Education,Health
T12213,Health,Unknown
T3762,Food,Unknown
T3041,Rent,Unknown
T10715,Utilities,Education
T7039,Food,Unknown
T11320,Rent,Unknown
T6972,Entertainment,Food
T10058,Utilities,Unknown
T13393,Savings,Food
T2172,Other,Unknown
T12253,Investment,Unknown
T3018,Savings,Unknown
T12436,Health,Food
T12724,Utilities,Unknown
T7336,Health,Unknown
T11675,Rent,Unknown
T8466,Salary,Unknown
T6629,Rent,Unknown
T12108,Rent,Entertainment
T6949,Other,Health
T5333,Food,Unknown
T2377,Utilities,Unknown
T12056,Health,Unknown
T0038,Food,Unknown
T10539,Travel,Unknown
T3050,Bonus,Unknown
T4639,Food,Unknown
T4590,Travel,Unknown
T5316,Investment,Unknown
T7185,Food,Unknown
T10120,Other,Unknown
T7332,Travel,Utilities
T11797,Travel,Unknown
T2131,Food,Unknown
T7847,Rent,Unknown
T9935,Food,Travel
T6164,Food,Unknown
T0810,Travel,Unknown
T4653,Rent,Unknown
T10739,Food,Health
T0052,Travel,Unknown
T3947,Travel,Entertainment
T6018,Health,Unknown
T4899,Food,Unknown
T5878,Rent,Unknown
T4477,Rent,Unknown
T6571,Education,Unknown
T12567,Investment,Unknown
T10442,Travel,Unknown
T8630,Food,Unknown
T5122,Investment,Unknown
T6235,Utilities,Unknown
T7776,Food,Unknown
T8688,Rent,Unknown
T3530,Food,Unknown
T6276,Utilities,Food
T3389,Travel,Unknown
T2735,Entertainment,Utilities
T4080,Food,Unknown
T10657,Food,Entertainment
T8634,Other,Unknown
T0040,Food,Unknown
T13102,Freelance,Unknown
T1273,Utilities,Unknown
T3928,Rent,Entertainment
T0398,Entertainment,Unknown
T4426,Bonus,Unknown
T5797,Food,Unknown
T6634,Entertainment,Utilities
T7924,Rent,Food
T8333,Bonus,Unknown
T2447,Entertainment,Unknown
T3648,Food,Unknown
T11731,Travel,Unknown
T11275,Rent,Unknown
T0201,Food,Unknown
T3136,Food,Unknown
T2873,Food,Food
T5634,Entertainment,Unknown
T10682,Freelance,Unknown
T9680,Food,Utilities
T10721,Utilities,Unknown
T7167,Other,Unknown
T0602,Food,Unknown
T1103,Education,Utilities
T8066,Entertainment,Unknown
T0679,Utilities,Unknown
T1495,Utilities,Unknown
T7600,Freelance,Unknown
T10202,Travel,Unknown
T7095,Rent,Unknown
T0947,Food,Food
T2474,Health,Unknown
T13556,Utilities,Unknown
T5390,Other,Unknown
T5388,Food,Travel
T6140,Education,Unknown
T3785,Food,Utilities
T3585,Food,Unknown
T3038,Travel,Unknown
T5380,Savings,Utilities
T7147,Travel,Unknown
T12428,Health,Unknown
T13662,Other,Unknown
T7760,Rent,Unknown
T0272,Entertainment,Unknown
T3407,Utilities,Education
T9067,Travel,Unknown
T1882,Education,Unknown
T13700,Rent,Unknown
T5713,Entertainment,Unknown
T6020,Food,Unknown
T11826,Investment,Health
T0305,Entertainment,Food
T4390,Entertainment,Food
T11764,Investment,Unknown
T1747,Education,Unknown
T5909,Rent,Unknown
T1566,Utilities,Unknown
T6314,Food,Unknown
T5728,Travel,Food
T12302,Utilities,Unknown
T3102,Utilities,Education
T6341,Travel,Utilities
T3698,Other,Unknown
T10791,Rent,Unknown
T7333,Rent,Unknown
T12562,Health,Unknown
T4155,Travel,Food
T4098,Food,Entertainment
T9048,Travel,Food
T6679,Freelance,Utilities
T4388,Utilities,Unknown
T1994,Education,Unknown
T9866,Utilities,Unknown
T13351,Utilities,Unknown
T0292,Utilities,Utilities
T1773,Rent,Unknown
T0648,Rent,Unknown
T12088,Education,Unknown
T7190,Utilities,Utilities
T3006,Food,Unknown
T0546,Other,Unknown
T10661,Travel,Unknown
T5188,Education,Travel
T12701,Health,Entertainment
T6074,Rent,Unknown
T2601,Rent,Unknown
T8696,Travel,Unknown
T2549,Food,Unknown
T3265,Education,Unknown
T8751,Investment,Unknown
T3705,Travel,Unknown
T13649,Rent,Unknown
T8767,Food,Travel
T11213,Entertainment,Unknown
T12737,Rent,Unknown
T11264,Food,Education
T0234,Entertainment,Unknown
T10928,Food,Unknown
T13185,Health,Unknown
T10085,Salary,Utilities
T3470,Utilities,Unknown
T11373,Investment,Unknown
T0617,Food,Unknown
T0377,Food,Utilities
T10828,Freelance,Unknown
T13547,Food,Unknown
T11341,Food,Unknown
T6338,Freelance,Unknown
T13244,Health,Unknown
T13481,Travel,Travel
T4349,Education,Food
T11722,Travel,Health
T8769,Education,Unknown
T7769,Rent,Unknown
T4910,Travel,Unknown
T12479,Health,Food
T11850,Rent,Unknown
T12441,Salary,Unknown
T2791,Food,Travel
T1154,Food,Food
T11782,Salary,Food
T8599,Education,Unknown
T3473,Freelance,Entertainment
T11189,Savings,Unknown
T9484,Freelance,Unknown
T6547,Travel,Unknown
T10972,Utilities,Education
T2805,Utilities,Unknown
T12948,Investment,Entertainment
T10781,Other,Unknown
T7212,Freelance,Unknown
T12452,Utilities,Unknown
T13385,Rent,Unknown
T2313,Food,Utilities
T7195,Food,Unknown
T12432,Rent,Unknown
T9420,Food,Unknown
T6279,Food,Unknown
T12080,Rent,Unknown
T0833,Salary,Education
T1597,Savings,Unknown
T3674,Salary,Unknown
T3894,Rent,Food
T1615,Rent,Travel
T13665,Entertainment,Unknown
T13448,Travel,Unknown
T2352,Travel,Unknown
T7018,Rent,Unknown
T2149,Rent,Unknown
T4435,Education,Education
T10027,Food,Unknown
T13530,Other,Unknown
T4793,Travel,Unknown
T3822,Utilities,Travel
T10909,Freelance,Unknown
T11960,Investment,Utilities
T10945,Entertainment,Unknown
T8526,Rent,Travel
T3619,Travel,Unknown
T2867,Entertainment,Unknown
T1826,Food,Unknown
T12634,Rent,Unknown
T4958,Health,Unknown
T6006,Rent,Unknown
T2935,Food,Unknown
T12625,Travel,Unknown
T10636,Freelance,Utilities
T6272,Travel,Utilities
T2716,Travel,Health
T2838,Rent,Unknown
T1567,Utilities,Food
T1919,Rent,Unknown
T8692,Rent,Unknown
T7148,Freelance,Unknown
T1469,Travel,Education
T5595,Travel,Unknown
T0106,Travel,Unknown
T5029,Travel,Unknown
T4583,Utilities,Unknown
T10423,Entertainment,Unknown
T4784,Food,Unknown
T3063,Utilities,Health
T7906,Food,Food
T0764,Freelance,Unknown
T10358,Rent,Unknown
T0913,Travel,Entertainment
T12814,Food,Food
T5868,Rent,Unknown
T8951,Freelance,Food
T6651,Travel,Unknown
T10175,Health,Unknown
T10683,Entertainment,Unknown
T4884,Entertainment,Unknown
T6909,Rent,Travel
T4507,Bonus,Food
T0438,Rent,Unknown
T13724,Freelance,Unknown
T8103,Rent,Unknown
T3883,Utilities,Unknown
T13713,Bonus,Unknown
T1202,Travel,Unknown
T2506,Travel,Unknown
T12843,Investment,Unknown
T7685,Food,Entertainment
T5051,Food,Food
T13696,Food,Education
T11122,Food,Health
T2444,Utilities,Unknown
T8508,Rent,Health
T8445,Rent,Unknown
T0160,Savings,Unknown
T8796,Food,Unknown
T7790,Investment,Education
T11068,Entertainment,Unknown
T9538,Travel,Unknown
T8681,Salary,Travel
T4079,Food,Unknown
T6987,Entertainment,Unknown
T6938,Entertainment,Unknown
T7737,Entertainment,Unknown
T2559,Bonus,Utilities
T3332,Food,Unknown
T10447,Rent,Food
T3384,Rent,Unknown
T2099,Food,Unknown
T3075,Salary,Unknown
T10866,Freelance,Unknown
T2159,Food,Food
T3121,Food,Utilities
T13842,Food,Unknown
T4911,Food,Unknown
T13680,Rent,Food
T5931,Entertainment,Unknown
T2665,Other,Unknown
T11460,Rent,Unknown
T1481,Food,Unknown
T4649,Salary,Unknown
T4044,Food,Unknown
T6792,Food,Unknown
T9566,Utilities,Unknown
T3876,Freelance,Food
T3686,Food,Unknown
T1806,Entertainment,Unknown
T13056,Food,Unknown
T13020,Travel,Education
T12637,Food,Health
T5899,Rent,Unknown
T11593,Utilities,Unknown
T2547,Food,Unknown
T0708,Travel,Entertainment
T12663,Rent,Unknown
T1312,Freelance,Utilities
T9380,Other,Unknown
T1443,Freelance,Unknown
T12006,Investment,Health
T1676,Rent,Utilities
T10397,Education,Utilities
T11862,Food,Unknown
T4074,Food,Unknown
T11195,Food,Unknown
T6100,Bonus,Unknown
T3844,Entertainment,Unknown
T0301,Bonus,Unknown
T0703,Food,Utilities
T8317,Travel,Unknown
T3424,Rent,Food
T6363,Food,Unknown
T1844,Utilities,Unknown
T10025,Rent,Unknown
T3843,Rent,Unknown
T1455,Entertainment,Health
T13051,Rent,Unknown
T1374,Entertainment,Unknown
T5199,Food,Food
T5026,Food,Unknown
T11504,Utilities,Unknown
T3001,Education,Unknown
T4094,Rent,Food
T7307,Travel,Food
T12495,Utilities,Unknown
T5697,Bonus,Unknown
T6946,Health,Unknown
T9801,Food,Unknown
T1031,Health,Health
T7752,Travel,Unknown
T6080,Education,Unknown
T3951,Utilities,Unknown
T1855,Rent,Unknown
T2271,Rent,Health
T3571,Entertainment,Education
T10923,Freelance,Unknown
T7756,Rent,Unknown
T0937,Food,Health
T7249,Food,Unknown
T1999,Rent,Unknown
T8045,Food,Unknown
T8207,Utilities,Unknown
T10289,Food,Education
T8286,Food,Unknown
T13814,Other,Food
T10265,Bonus,Unknown
T2784,Education,Unknown
T4339,Rent,Unknown
T8201,Utilities,Health
T2374,Rent,Utilities
T1408,Rent,Food
T0618,Utilities,Unknown
T10687,Entertainment,Travel
T3656,Travel,Food
T13870,Travel,Unknown
T8401,Other,Unknown
T5662,Travel,Unknown
T11258,Rent,Unknown
T2329,Education,Unknown
T2170,Education,Food
T4606,Rent,Unknown
T4538,Travel,Unknown
T0803,Education,Travel
T6759,Travel,Food
T13858,Savings,Unknown
T7072,Rent,Unknown
T7797,Rent,Unknown
T9455,Food,Utilities
T8993,Freelance,Unknown
T8434,Food,Unknown
T12604,Food,Unknown
T0521,Food,Travel
T12003,Health,Unknown
T5015,Rent,Utilities
T7412,Health,Unknown
T12357,Entertainment,Utilities
T0793,Rent,Unknown
T4313,Rent,Unknown
T5956,Food,Unknown
T2033,Food,Unknown
T9227,Salary,Unknown
T0004,Travel,Unknown
T7263,Bonus,Unknown
T9522,Salary,Unknown
T8221,Bonus,Unknown
T11081,Rent,Unknown
T10848,Entertainment,Entertainment
T9010,Utilities,Unknown
T4650,Travel,Health
T13919,Food,Food
T2372,Travel,Food
T5671,Savings,Unknown
T6976,Travel,Travel
T11785,Salary,Food
T7174,Other,Unknown
T12053,Travel,Unknown
T3170,Bonus,Unknown
T8061,Rent,Unknown
T5879,Food,Unknown
T9041,Entertainment,Unknown
T12789,Food,Unknown
T13314,Savings,Health
T5050,Utilities,Unknown
T13169,Education,Food
T6729,Entertainment,Food
T11686,Travel,Unknown
T4377,Rent,Food
T8361,Rent,Unknown
T13614,Rent,Unknown
T12560,Utilities,Unknown
T6157,Food,Utilities
T8499,Investment,Travel
T9284,Utilities,Unknown
T13729,Food,Unknown
T1976,Education,Utilities
T5099,Education,Unknown
T0156,Travel,Unknown
T13580,Rent,Unknown
T4830,Rent,Unknown
T3181,Freelance,Unknown
T13959,Rent,Utilities
T9510,Travel,Unknown
T9666,Education,Unknown
T2065,Food,Unknown
T12552,Rent,Unknown
T0072,Education,Utilities
T7712,Rent,Education
T11187,Food,Unknown
T9068,Freelance,Food
T8981,Food,Unknown
T0635,Food,Unknown
T0424,Food,Health
T5929,Rent,Unknown
T7667,Entertainment,Utilities
T2011,Food,Unknown
T12870,Bonus,Unknown
T5609,Rent,Unknown
T12908,Travel,Unknown
T1291,Entertainment,Unknown
T1181,Rent,Utilities
T7515,Rent,Unknown
T13357,Savings,Unknown
T7973,Other,Unknown
T1379,Rent,Unknown
T6902,Rent,Food
T1881,Entertainment,Unknown
T1056,Food,Education
T11144,Salary,Unknown
T11149,Health,Unknown
T5877,Salary,Unknown
T4695,Food,Food
T10591,Rent,Entertainment
T3344,Salary,Food
T10653,Travel,Unknown
T1360,Utilities,Education
T4591,Utilities,Food
T9214,Utilities,Unknown
T9470,Savings,Unknown
T6799,Rent,Food
T11254,Entertainment,Unknown
T7888,Travel,Unknown
T9711,Food,Unknown
T3246,Education,Unknown
T13551,Bonus,Unknown
T5796,Health,Unknown
T4239,Rent,Food
T7002,Rent,Unknown
T12849,Food,Food
T7772,Salary,Unknown
T3479,Food,Unknown
T4354,Other,Unknown
T4448,Food,Unknown
T12817,Utilities,Unknown
T12513,Utilities,Food
T6286,Freelance,Unknown
T1977,Savings,Unknown
T12777,Food,Unknown
T8958,Entertainment,Health
T5970,Food,Unknown
T6313,Utilities,Unknown
T7733,Travel,Unknown
T9869,Rent,Utilities
T5152,Travel,Food
T8253,Utilities,Health
T8874,Bonus,Unknown
T11316,Travel,Unknown
T4008,Travel,Utilities
T2469,Bonus,Food
T2954,Utilities,Unknown
T4122,Utilities,Unknown
T10239,Salary,Food
T11589,Travel,Unknown
T5527,Food,Unknown
T2286,Travel,Unknown
T12349,Food,Health
T13854,Entertainment,Food
T7860,Travel,Utilities
T13914,Education,Unknown
T8923,Utilities,Utilities
T2723,Food,Unknown
T5512,Food,Unknown
T9477,Education,Unknown
T7561,Savings,Unknown
T3531,Food,Unknown
T11390,Freelance,Unknown
T10353,Travel,Unknown
T7542,Health,Education
T0790,Food,Unknown
T12740,Rent,Unknown
T6624,Utilities,Unknown
T4286,Food,Unknown
T6123,Travel,Unknown
T7408,Travel,Unknown
T1094,Rent,Unknown
T7510,Investment,Unknown
T12147,Other,Unknown
